Name,Email,Phone Number
Sophia,Toffic,29236557208
Farrah,Seagraves,9426573329
Brena,Darrell,32889976954
Ursulina,Burch,18343734089
Brena,Earlie,24591761470
Lexine,Diogenes,20533896083
Belinda,Merell,24462817597
Doralynne,Carleen,20920803089
Alisha,Juan,19453841774
Brianna,Allys,26779491315
Goldie,Pauly,26534900600
Julieta,Ruvolo,25959715367
Maud,Destinee,20965985543
Marline,Hourigan,10681650525
Sybille,Stav,36665173187
Molli,Hewitt,32110468243
Miquela,Denis,22607870099
Ruthe,Emmy,3792942607
Cathie,Elephus,19986681904
Barbara,Doig,30539598973
Kristan,Berard,19268314146
Riannon,Pulsifer,30705101711
Valli,Thunell,27552265703
Rosabelle,Japeth,21284379347
Ida,Edee,15819048218
Kristina,Flyn,11263728211
Ivett,Tound,20816872948
Robbi,Joseph,22911623581
Tarra,Norrie,13240062414
Bernardine,Aida,19630336588
Karlee,Bakerman,14285867616
Magdalena,Geffner,26748129592
Tabbatha,Standing,4708692761
Kathy,Mintz,27636756559
Tilly,Reneta,9653666096
Libbie,Bohlin,26401695253
Lelah,Jobi,36078846136
Agathe,Zrike,32527766897
Bertine,Nerita,19784862754
Madelle,Mozelle,7960894108
Grier,Riordan,32112501789
Paule,Ax,35011281979
Asia,Woodberry,17651963459
Tatiania,Iphlgenia,23894505200
Cherrita,Glovsky,20214886137
Emilia,Dowski,9554292457
Frieda,Cosenza,30748139543
Lesly,Rubie,24467440548
Margette,Lindemann,26585069148
Yolane,Braun,30054916337
Cyb,Zitvaa,11217794684
Shirlee,Sibyls,34865165842
Claudina,Skell,11567349166
Corly,Hepsibah,4720403343
Mary,Ackerley,30124950729
Kamilah,Zamora,23452434558
Caryl,Ellord,27362456692
Robinia,Forrer,7747495019
Vere,Ulphia,16233495771
Josephine,Cyrie,26584180558
Beatriz,Kat,12406849769
Lorenza,Penelopa,36841507694
Rosene,Timon,23760913786
Fina,Doig,20088839531
Roxane,Braun,20828281385
Mara,Sancho,18623420304
Stevana,Matthew,22961424707
Jsandye,Dorothy,34843258140
Orsola,Marcellus,18895510829
Dagmar,Burch,7563082694
Jordan,Natica,12551299723
Evita,Ardra,36134464110
Sallie,Liva,9815539961
Willetta,Bonucci,27756003007
Mureil,Kenney,27503504612
Grier,Wu,11380878897
Ermengarde,Seligman,29018478226
Elena,Pond,9304789602
Dione,Vernier,7891279760
Di,Allare,7145905044
Dede,Dunkin,7024262915
Bernardine,Zamora,12504714972
Hermione,Friede,35727806779
Ilse,Cosenza,28614065049
Lily,Emerson,33107200571
Heida,Thilda,27672716237
Loree,Kare,27895103685
Paulita,Sherrie,27854006510
Beth,Cornelia,17416978729
Maud,Zachary,27454204957
Aurore,Shaver,19078475634
Berget,Cassius,34372903562
Teriann,Lay,10028876886
Nananne,Kamaria,25050192501
Ginnie,McLaughlin,9541352549
Mady,Fadiman,28883731092
Agathe,Deegan,12829330528
Adele,Waldron,11986400901
Sandie,Parsaye,13743963467
Giustina,Darian,6498294784